PK     ! 憐鯼  |   [Content_Types].xml ?(?                                                                                                                                                                                                                                                                                                                                                                                                                                                                                                                                 瑪薾?E鲿?懛Ub琚???R?榵B,垓骕T<刞?辩瀧肀k?D4迺鬌诟Y)~&葠斢蕑娧瘙n0Y缹?枹!
/Rb誁?徳>秺?蝑P誠虭>鰖O豺幚QN潌逘VK冫?o淟?匐f^??翚J昁?Ar_爪慝E艘?Jc@?B4L屵@牧P葍?/僴S\檶ac>p?刵鋢猰?oG4脖婔㈱?WV8焭?/N媆?i墛V敷}偀&崓t鶔??2=恉? 懼鹬藶DO懝暻?溆醨5魂<?D2皁蜟浖'騋?.tgY?罇轭?   PK     ! 礥0#?   L   _rels/.rels ?(?                                                                                                                                                                                                                                                                                                                                                                                                                                                                                                                                 瑨MO?嗭H鼑洒蛰?BKwAH?T~€I?祶?菘'T?G絶圯<嶊?鲡4瑡;#秝瓎楘qu*&r朏q?v挣睁橤Jy(v綇*āK蛇#F玉D??W	??=檨Z芃Y辀誃S憝啺?犼撓?讝﹂??L煲?萻bg佼|萳!貔USh9i癰瀝:"y_dl荔D浛齶-N溔R"4?螱?狌Z?袼漼?	毛瑞蓚?ㄞ   PK     ! 崌趐?   -   xl/_rels/workbook.xml.rels ?(?                                                                                                                                                                                                                                                                 瑧薺?E鲄榼=v
荣擝杜? !?臇刦捴_醾軥H6??輘$mw?銧N棍NC戝犎Y_鳟震U}<絺b1?僿"哴褒ちH:腯X??:戰喨叮裵??i|崵[?LK干??;?隩鸝C茏蠣?$蝽n?渐wo?9箑@杋HP晧-墕繙%G浪=駫瀰V?q^媖?緘<pG$才8O<?   PK     ! 湀>◤  ?     xl/workbook.xml寬K嬠0秋厏←F栶??敹l.ea_gE?z!呻溘wl悝皸=I笮o姣欇门Y?)涏蔠%郩衅?螓nCI.襨i儑哵!訃o?ん1?A€?鞪塠撇昀杉
<F趷?h??佋?(?QUk妞駎&l覹崅烝?|?	?貇頛?桐淟?蕞?"幤歳潬??渱H騢Q鰠?d紐B;取-+D惫蒓zy??飛?;?n琤)?梍??]??jJR羝b斪胆(?臩"?悶掶愱?攈heo?巈)垀Q?邘#|30?f4慑輝唵?W夂X悸π谎?回軀廯N]i瑕釹g??x,3澞O偀莈?'遖詣?/闋[?i
?Q羚宔?   PK     ! ;m2K?   B  #   xl/worksheets/_rels/sheet1.xml.rels剰翃?E?﨏x{撝?CS7"窾?b蹢愾齵?e厘錺襄6淃<?f?院呬ch梆{?緼?贶	-<恆?練NNJ壡怷眳Q$?脋馁睅	>尜I墆0声?鞋猨m騙?N碉,鋧W?=RY巬<n？蜨蛳処9恅>9菶眚€bA雡鰹k}趟篥	   PK     ! \\E\?  ?     xl/theme/theme1.xml靁蚽7??{O,賿c?K栤謖b豃??邓埢\悢輮鋁燖汛去@袺E? 	?M熎i???i)Q睗鑏l罇?g嗴髊冉|錸滦!掤???D覑鱤諆洕鰠? I呌f<%鮜Ddpe泯?鉼搫 槦蕌\bゲ酯%??yFRx昼"?緤h??萂匾r┐簲`?(?埥扬訍爂?蜮泧疗Xz媮奣I=2q爀g娏?e崘#賒bV@Q?u萞 啣?鯛d~偉嵥Kx=熌詡箙ym髶纤'?薋?ュvik"? 槡堑Z璮?慻 8aブ枹蘆{?€烨y偻R礣q??s6?岶禆踒?慅X櫭瘯V+浰迉,?嚡46浲Uo@?噊_V\?艑9?h粷K烜鷾m{醟 _+屦)
瞐抅ZE煣jQ??m h 脢?仪!']Aq€2渞	ュR淮鮫舼猦鮴澿?;使!m	挕牂?傇? y豸鸚OO遻r|铵沱鲝稞he9穛'军龀?窥?攫鉫??s?阫湖鏮>桑??}褫|S鄋蕖	戣:9B?伒歉枔?蹖N尒3??亥bx}剻?n	?痍饚c階,唺z4锬?苠?葛:`G?x?L#縭1,怫1>糸n庠	mk?饰翘=哠??咊3> ??_wi(镐}卬S岳噪???澊M埶萭 勞裢?脏谭?r??0??蘱鉛<T8駢爨?~g淞H凟\K*坱DG?懸7鐔€?偩儊图a遝ＤE
E>欁0鏓?4c渄^沬???F{\卉??鈥訁峋E?顡夃&?摝	?朩	w雚您??聎x<￠際漄`?R#u?蛼?l€疽跒◎E?!乷醓篏爁鍵?裤镟?线媕Y{J岳嵊>輙砩娄絆;P#F甀臃K貫zm4
s獪獠>鍳	l?琳GT?1螤??h$s褢D椥鶝as&3餐駯BcoN猆}啽?壁?;糝<玁臉搆d蚊cE+Z纈暛\z;eek誃饭K+?):K?b8?渪??xy?错p聦舸唔9~\C$c?y岕虹cT6A缡8?1溢?bT蠽觔連踚俆TWY爊椒壱=崚檙di?Y妿闍\P埑z袊c6|L2埡原&f\V匤卮?睒M篘螫enN?祓@&ぺ?订a?繰s)`靇畟[蟢6舆缞?H喛?穑Z绎揚僝1?怱)*"廪瓴∝?~潽盀昿bA伀=韒笕%缂鑺jg?薭溣?裶%[俯銐鏇抵?k筅nw謦槖?Д峪?綗?臞OG 劔e亼z绤?癙影-郱蚿d\胏H*膏69?m蚘Μ釡i?咠H艂??搣'+鐊?蓃A&?媸虤?噭u4?@1ずa摐n6茱yu#蒌黃;[蘥mtw`[,;斀H鷧瓲孑鸏O5譴靏躩-c铜x箊戥6僰&竇V?!!#&嶕嗂猁拉迃伥
AV_皪?i楸崜瓷賳%飊辖崅蚣訚鑵*}揘鲗螢4g??_遾炌俟?_;]彨gKT稧銉?寉蚔|苹w 衃鹗a葦?盥??霮(~\3u?    PK     ! 嶆?  ?     xl/worksheets/sheet1.xml敆K彌0咓曻?!驦DMyu暘N劢&?0禎d襙?y?'U亓s畯o狼捭[YX愓躹Gc垅U*3Q-琏忥裾僲i锚?测s{堑m?螎E
暈?c隀汨t臟叉龗KU2C穓殍Zq柕晠3忥湌壥?淘%2螮蔆櫘K^櫧堚34??獣?r%S?昬MQ砶Em獿g纤J*?洒泏靡{驨?Z鎓Dr蝵=O潻CJ緱	r?互x>窡躖釴l趋??鳹sm秞?O熄O墩?B首f??I陃@#蒖#6<郋1??礒扴鏣坯+苖拙*+?[鏇軂鎎?T鷝tK胄,?蹍\г*?roO?檃晶渲6誯贮C苜'}/m?逛b慊灣??? ???RZ2rr3鈌軥@BAC汈i峭?7仔????焩苘qs軥@BAC汈i?絜椏7沸????焩苘qs軥@BAC汈i?}?锿=ti iiii咬7???簛4€4???橛帥?7S?? ???窑O;n\
d断&€?鈥戳???沅詈
韦?编L.8??燕抠€廑恀醫@"????芃霥塯鱕甞Q?"標?亾Zhv5E鉐?!?X?略RT?x迒C鷃獇~忚谌簤岟辞-??蕲鑰?嶨Mr)婉鏍秃秊Vs?~Sqz邾A?儡2?C鮢俧3窓攕:    PK     ! 饏牅?       xl/styles.xml蚽覢??箕I馊vE歓猅$?夒芧'彽?	??yn渰醡c0k;崼"婅艦潤浛M彿偅k?S2冕Q€暐獦\ee酠12柸妏%i唚脏泓鍕载?kJ-i2级稒)譚s?*罵+-垍褦T芣軓俙???fⅫA粽︸J%b賿qfw-F澀ひd蓙?搑忀?VjeTm? 蜽u蚃鷺e?> 錳5═i3磱0粧陜,?
貃濠鶊?M堼<-WY?k5?趛軁岿獕`|譱#k倩	?ワhtdagy
s訰Ym爇谎8m8?鐑?E濨,詹 +赍薦YJ槜?槥鬪i?p羙骈R?鎠_vW酦暓溨抑l祐??暤刑<?Y)I?冼F/@:%妩峦瘥?龆Fr#
a溪?竍顴H?;碱囵噃龀a讯~???H邍Gn2|w{??-7孾&@0?侂€u??
Tⅱ5賞{yo甜A~C+??阶[v璴戓冘y党J扶芾?m4损вdqZD?極今埰^?^<>?ED辽缌>?c涆W'Oag喢坞>贋A椺玲?Z唤>?rO???瀽?潓b瘓胔1螼?p?弡鴄?檸|<矻P武網?敌$8?	桱?黏缈   PK     ! 脺1?  Q   docProps/core.xml ?(?                                                                                                                                                                                                                                                                 |扱K?呥C蓒浤庒B蹃蕿V連r??$裯薮輏C菿?骰'梔雰j?爱nu巋BPZ床諹庌蔒|?绻柤i5滂瓔蹧L&Z/?`}.
$順09趝o芅霢q??猱祳鹥?6\|??!Ks??06潗RLH髆? ?h?M(z笆]m敊S政h聸Nq鏻)Fqr\=划K簍?騍}~?缀邥 TdR0a侞?瀇骡铧6靫W億8齁M??? l寋V抻千r儕~?Y舤Y聠筚徏栾?u?懏z"IKJY篳t1#?c钏OP?   PK     ! w%	sH   ?   '   xl/printerSettings/printerSettings1.binb`?0?齿峒煈墤亾a?G
#3c愊?聊$L(?Y;#?€X萨顬??     PK     ! 匲胴?     docProps/app.xml ?(?                                                                                                                                                                                                                                                                 湌罭?嗭晉嚾w諽冖j?U嘨w讬l?秂裯煡?恱N?H<揇,俾┓欩G靠櫛8?6k!&鉣力摐e啻/峓靣蹴??*W*?l墲葍b}€?RF.現3螕QiB?ヲ盦Hi\s_UF茅鬃8銰y~蘟冟J(梦?幊状艉鉑W玬 `)締`峍HS?FG焲呝貴?|,
偩??|湂鎑,+e鐮亥-攭I?g-h?K?坋?U?瓓F9$mH唲Q>掭<?y鷞+8镃?黔阖|捰緛傹莆`?a焢e蠦酣*?烙1p??8? ?莬粢?辳?宥$膦锲齁梐錙滤6鲖bY?%`讽]A溣"ｍL娴rk(_z?蓓瘑.'溛:?曞3    PK-      ! 憐鯼  |                   [Content_Types].xmlPK-      ! 礥0#?   L               ?  _rels/.relsPK-      ! 崌趐?   -               ?  xl/_rels/workbook.xml.relsPK-      ! 湀>◤  ?               ?  xl/workbook.xmlPK-      ! ;m2K?   B  #             ?  xl/worksheets/_rels/sheet1.xml.relsPK-      ! \\E\?  ?               ?  xl/theme/theme1.xmlPK-      ! 嶆?  ?               b  xl/worksheets/sheet1.xmlPK-      ! 饏牅?                 ?  xl/styles.xmlPK-      ! 脺1?  Q               ?  docProps/core.xmlPK-      ! w%	sH   ?   '             ?  xl/printerSettings/printerSettings1.binPK-      ! 匲胴?                 ?  docProps/app.xmlPK      ?  V    